stop1,stop2,bus_name
manzoor_colony,100_ft_road,U-1
100_ft_road,azam_basti,U-1
azam_basti,kalapul,U-1
kalapul,jinnah_hospital,U-1
jinnah_hospital,luck_star_hotel,U-1
luck_star_hotel,mansfield_street,U-1
mansfield_street,empress_market,U-1
empress_market,regal_chowk,U-1
regal_chowk,tibbat_centre,U-1
tibbat_centre,m.a_Jinnah_road,U-1
m.a_Jinnah_road,jama_cloth_market,U-1
jama_cloth_market,city_court,U-1
city_court,juna_market,U-1
juna_market,lee_market,U-1
lee_market,kakri_ground,U-1
kakri_ground,masan_road,U-1
masan_road,agra_taj_colony,U-1
agra_taj_colony,rasheedabad,U-1
korangi_100_quarter,korangi_no_5,D-10
korangi_no_5,landhi_no_6,D-10
landhi_no_6,landhi_no_5,D-10
landhi_no_5,landhi_no_4,D-10
landhi_no_4,landhi_no_3,D-10
landhi_no_3,landhi_no_2,D-10
landhi_no_2,landhi_no_1,D-10
landhi_no_1,dawood_chowrangi,D-10
dawood_chowrangi,quaidabad,D-10
quaidabad,malir_city,D-10
malir_city,malir_halt,D-10
malir_halt,star_gate,D-10
star_gate,natha_khan_goth,D-10
natha_khan_goth,drigh_road,D-10
drigh_road,rashid_minhas_road,D-10
rashid_minhas_road,drive-in-cinema,D-10
drive-in-cinema,jauhar_mor,D-10
jauhar_mor,NIPA_chowrangi,D-10
NIPA_chowrangi,gulshan_chowrangi,D-10
gulshan_chowrangi,sohrab_goth,D-10
sohrab_goth,power_house,D-10
power_house,godhra,D-10
godhra,new_Karachi_industrial_area,D-10
new_Karachi_industrial_area,saba_cinema,D-10
saba_cinema,new_Karachi_no_5,D-10
new_Karachi_no_5,allahwali_masjid,D-10
allahwali_masjid,4-k_chowrangi,D-10
4-k_chowrangi,kda_stop,D-10
kda_stop,maraqba_hall,D-10
maraqba_hall,khuda_ki_basti,D-10
khuda_ki_basti,lerp_colony,D-10
lerp_colony,taiser_town,D-10
mianwali_colony,qasba_colony,F-16
qasba_colony,banaras_chowk,F-16
banaras_chowk,abdullah_college,F-16
abdullah_college,paposh_nagar,F-16
paposh_nagar,abbasi_shaheed_hospital,F-16
abbasi_shaheed_hospital,nazimabad_no_7,F-16
nazimabad_no_7,mujahid_colony,F-16
mujahid_colony,ziauddin_hospital,F-16
ziauddin_hospital,karimabad,F-16
karimabad,liaquatabad_no_10,F-16
liaquatabad_no_10,teen_hatti,F-16
teen_hatti,mazar-e-quaid,F-16
mazar-e-quaid,khudadad_colony,F-16
khudadad_colony,nursery,F-16
nursery,ftc,F-16
ftc,akhter_colony,F-16
akhter_colony,qayyumabad,F-16
qayyumabad,korangi_no_1,F-16
korangi_no_1,korangi_no_2,F-16
korangi_no_2,korangi_no_3,F-16
korangi_no_3,korangi_no_4,F-16
korangi_no_4,korangi_market_no_6,F-16
korangi_market_no_6,degree_college,F-16
degree_college,100_quarter,F-16
100_quarter,korangi_no_5,F-16
korangi_no_5,landhi_no_6,F-16
landhi_no_6,landhi_no_1,F-16
landhi_no_1,dawood_chowrangi,F-16
dawood_chowrangi,gul_ahmed_textile_mills,F-16
gul_ahmed_textile_mills,labour_square,F-16
labour_square,machine_tool_factory,F-16
zia_ul_haq_colony,mominabad,F-17
mominabad,bijli_nagar,F-17
bijli_nagar,orangi_no_4,F-17
orangi_no_4,orangi_no_5,F-17
orangi_no_5,metro_cinema,F-17
metro_cinema,banaras_chowk,F-17
banaras_chowk,abdullah_college,F-17
abdullah_college,paposh_nagar,F-17
paposh_nagar,petrol_pump,F-17
petrol_pump,liaquatabad_no_10,F-17
liaquatabad_no_10,teen_hatti,F-17
teen_hatti,gurumandir,F-17
gurumandir,numaish,F-17
numaish,shahrah-e-quaideen,F-17
shahrah-e-quaideen,nursery,F-17
nursery,gora_qabristan,F-17
gora_qabristan,kalapul,F-17
kalapul,defence_society,F-17
defence_society,akhter_colony,F-17
akhter_colony,qayyumabad,F-17
qayyumabad,chamra_chowrangi,F-17
chamra_chowrangi,korangi_industrial_area,F-17
korangi_industrial_area,bilal_colony,F-17
bilal_colony,bismillah_stop,F-17
bismillah_stop,korangi_no_4,F-17
korangi_no_4,korangi_no_5,F-17
korangi_no_5,dhobi_ghat,F-17
dhobi_ghat,100_quarter,F-17
100_quarter,banalipara,F-17
korangi_100_quarter,coast_guard,S-2
coast_guard,korangi_no_2,S-2
korangi_no_2,korangi_no_1,S-2
korangi_no_1,korangi_crossing,S-2
korangi_crossing,qayyumabad,S-2
qayyumabad,defence_view,S-2
defence_view,baloch_colony,S-2
baloch_colony,tariq_road,S-2
tariq_road,shaheed-e-millat_road,S-2
shaheed-e-millat_road,jail_road,S-2
jail_road,purani_sabzi_mandi,S-2
purani_sabzi_mandi,hassan_square,S-2
hassan_square,NIPA_chowrangi,S-2
NIPA_chowrangi,rashid_minhas_road,S-2
rashid_minhas_road,sohrab_goth,S-2
sohrab_goth,shahrah_waliullah_road,S-2
shahrah_waliullah_road,power_house,S-2
power_house,shafiq_mor,S-2
shafiq_mor,godhra_chowk,S-2
godhra_chowk,industrial_area,S-2
industrial_area,godhra_camp,S-2
godhra_camp,saba_cinema,S-2
saba_cinema,ayub_goth,S-2
saudabad,malir_jinnah_square,F-1
malir_jinnah_square,malir_city,F-1
malir_city,quaidabad,F-1
quaidabad,dawood_chowrangi,F-1
dawood_chowrangi,17_bus_stop,F-1
17_bus_stop,babar_market,F-1
babar_market,landhi_no_5,F-1
landhi_no_5,korangi_no_5,F-1
korangi_no_5,korangi_no_1,F-1
korangi_no_1,nasir_colony,F-1
fareed_colony,naiabadi,G-13
naiabadi,rasheedabad,G-13
rasheedabad,banaras_chowk,G-13
banaras_chowk,abdullah_college,G-13
abdullah_college,board_office,G-13
board_office,hyderi,G-13
hyderi,chowrangi,G-13
chowrangi,ziauddin_hospital,G-13
ziauddin_hospital,moosa_colony,G-13
moosa_colony,liaquatabad_no_10,G-13
liaquatabad_no_10,gharibabad,G-13
gharibabad,hassan_square,G-13
hassan_square,Karachi_university,G-13
clifton,mohata_palace,20
mohata_palace,2_talwar,20
2_talwar,3_talwar,20
3_talwar,clifton_bridge,20
clifton_bridge,bagh_jinnah,20
bagh_jinnah,shaheen_complex,20
shaheen_complex,lucky_star,20
lucky_star,Saddar,20
Saddar,garden,20
garden,lasbela_chowk,20
lasbela_chowk,old_golimar,20
old_golimar,bara_board,20
bara_board,habib_bank,20
habib_bank,valika,20
valika,site_police_station,20
site_police_station,labour_square,20
labour_square,hub_river_road,20
hub_river_road,sawat_colony,20
sawat_colony,police_training_school,20
police_training_school,saeedabad_naiabadi_sector-8,20
surjani_town,naiabadi,Mahfooz_Coach
naiabadi,salim_centre,Mahfooz_Coach
salim_centre,nagan_chowrangi,Mahfooz_Coach
nagan_chowrangi,sakhi_hasan,Mahfooz_Coach
sakhi_hasan,hyderi,Mahfooz_Coach
hyderi,board_office,Mahfooz_Coach
board_office,nazimabad,Mahfooz_Coach
nazimabad,golimar,Mahfooz_Coach
golimar,ranchore_line,Mahfooz_Coach
ranchore_line,kmc_workshop,Mahfooz_Coach
kmc_workshop,baba_urdu_road,Mahfooz_Coach
baba_urdu_road,ziauddin_hospital,Mahfooz_Coach
ziauddin_hospital,khaliq-u-zaman_road,Mahfooz_Coach
khaliq-u-zaman_road,khayaban-e-jami,Mahfooz_Coach
khayaban-e-jami,khayaban-e-iqbal,Mahfooz_Coach
khayaban-e-iqbal,hatim_alvi_road,Mahfooz_Coach
hatim_alvi_road,26th_street,Mahfooz_Coach
26th_street,abdullah_shah_ghazi_road,Mahfooz_Coach
abdullah_shah_ghazi_road,khayaban-e-shanshee,Mahfooz_Coach
khayaban-e-shanshee,sea_view,Mahfooz_Coach
moach_goth,shershah,X-25
shershah,pankha_hotel,X-25
pankha_hotel,mirza_adam_khan_road,X-25
mirza_adam_khan_road,agra_taj_hanif_manzil,X-25
agra_taj_hanif_manzil,kharadar,X-25
kharadar,ismail_jamat_khana,X-25
ismail_jamat_khana,tower,X-25
tower,keamari,X-25
keamari,kpt_ground,X-25
kpt_ground,shirin_jinnah_colony,X-25
shirin_jinnah_colony,bilawal_chowrangi,X-25
bilawal_chowrangi,clifton,X-25
clifton,26th_street,X-25
ittehad_town,dawood_goth,X-8
dawood_goth,naval_colony,X-8
naval_colony,moach_goth,X-8
moach_goth,hub_river_road,X-8
hub_river_road,shershah,X-8
shershah,gulbai,X-8
gulbai,mauripur,X-8
mauripur,kharadar,X-8
kharadar,tower,X-8
tower,keamari,X-8
keamari,masan_road,X-8
masan_road,shirin_jinnah_colony,X-8
shirin_jinnah_colony,abdullah_shah_ghazi_road,X-8
abdullah_shah_ghazi_road,26th_street,X-8
26th_street,khyaban_shamsher,X-8
khyaban_shamsher,saba_avenue,X-8
saba_avenue,khayaban_e_ittehad,X-8
khayaban_e_ittehad,qayyumabad,X-8
moosa_colony,azam_square,C-3
azam_square,liaquatabad_no_10,C-3
liaquatabad_no_10,hassan_square,C-3
hassan_square,gulshan_chowrangi,C-3
gulshan_chowrangi,purani_sabzi_mandi,C-3
purani_sabzi_mandi,new_town_police_station,C-3
new_town_police_station,national_stadium,C-3
national_stadium,dalimia_cement_factory,C-3
dalimia_cement_factory,drigh_road,C-3
drigh_road,malir,C-3
malir,quaidabad,C-3
quaidabad,landhi_no_6,C-3
landhi_no_6,korangi_no_5,C-3
korangi_no_5,k-_area,C-3
k-_area,36-b_area,C-3
36-b_area,ground_landhi,C-3
pahalwan_goth,malir_halt,F-13
malir_halt,quaidabad,F-13
quaidabad,dawood_chowrangi,F-13
dawood_chowrangi,landhi_no_4,F-13
landhi_no_4,36-b_area,F-13
36-b_area,bilal_colony,F-13
bilal_colony,kalapul,F-13
kalapul,jinnah_hospital,F-13
jinnah_hospital,cantt_station,F-13
cantt_station,gizri,F-13
gul_ahmed_textile_mills,dawood_chowrangi,F-9
dawood_chowrangi,babar_market,F-9
babar_market,chirgh_hotel,F-9
chirgh_hotel,landhi_no_6,F-9
landhi_no_6,36-b_auliya_masjid_burmi_colony,F-9
36-b_auliya_masjid_burmi_colony,landhi_k-area,F-9
landhi_k-area,korangi_industrial_area,F-9
korangi_industrial_area,korangi_no_5,F-9
korangi_no_5,khudadad_colony,F-9
khudadad_colony,m.a_Jinnah_road,F-9
m.a_Jinnah_road,gurumandir,F-9
gurumandir,jahangir_road,F-9
jahangir_road,teen_hatti,F-9
teen_hatti,liaquatabad_no_10,F-9
liaquatabad_no_10,society_hospital,F-9
society_hospital,site_pathan_colony,F-9
raja_ghazanfar_ali_road,inverarity_road,C-2
inverarity_road,lucky_star,C-2
lucky_star,jinnah_hospital,C-2
jinnah_hospital,kalapul,C-2
kalapul,defence_society,C-2
defence_society,akhter_colony,C-2
akhter_colony,qayyumabad,C-2
qayyumabad,bhittai_colony,C-2
bhittai_colony,korangi_bus_depot,C-2
korangi_bus_depot,korangi_no_1,C-2
korangi_no_1,korangi_no_5,C-2
korangi_no_5,36-c_area,C-2
36-c_area,k-_area,C-2
k-_area,landhi_no_5,C-2
landhi_no_5,gul_ahmed_textile_mills,C-2
taiser_town,khuda_ki_basti,D-4
khuda_ki_basti,surjani_sector-4,D-4
surjani_sector-4,kda_site_office,D-4
kda_site_office,two_minutes_chowrangi,D-4
two_minutes_chowrangi,4-j_bus_stop,D-4
4-j_bus_stop,khwaja_ajmeri_nagri,D-4
khwaja_ajmeri_nagri,sector_no_7-d,D-4
sector_no_7-d,anda_mor,D-4
anda_mor,qalandari_chowk,D-4
qalandari_chowk,hussain_d.silva,D-4
hussain_d.silva,paposh_nagar,D-4
paposh_nagar,bara_maidan,D-4
bara_maidan,petrol_pump,D-4
petrol_pump,gulbahar,D-4
gulbahar,lasbela_chowk,D-4
lasbela_chowk,garden,D-4
garden,ranchore_line,D-4
ranchore_line,juna_market,D-4
juna_market,lee_market,D-4
lee_market,gulbai,D-4
gulbai,shershah,D-4
shershah,hub_river_road,D-4
hub_river_road,moach_mor,D-4
moach_mor,baldia_yousuf_goth,D-4
manzoor_colony,bismillah_stop,1-E
bismillah_stop,mehmoodabad_no_6,1-E
mehmoodabad_no_6,mehmoodabad_no.5,1-E
mehmoodabad_no.5,mehmoodabad_no.4,1-E
mehmoodabad_no.4,mehmoodabad_no.3,1-E
mehmoodabad_no.3,mehmoodabad_no.2,1-E
mehmoodabad_no.2,mehmoodabad_no.1,1-E
mehmoodabad_no.1,corporation,1-E
corporation,parsi_colony,1-E
parsi_colony,kalapul,1-E
kalapul,jinnah_hospital,1-E
jinnah_hospital,regent_palaz,1-E
regent_palaz,lucky_star,1-E
lucky_star,Saddar,1-E
Saddar,numaish,1-E
numaish,gurumandir,1-E
gurumandir,patel_para,1-E
patel_para,lasbela_chowk,1-E
lasbela_chowk,golimar,1-E
golimar,petrol_pump,1-E
petrol_pump,nazimabad,1-E
nazimabad,habib_bank,1-E
habib_bank,valika,1-E
valika,orangi_no_4,1-E
orangi_no_4,orangi_no_10,1-E
orangi_no_10,faqeer_colony,1-E
raees_amrohi_colony,islam_chowk,1-L
islam_chowk,nishan-e-hyder_chowk,1-L
nishan-e-hyder_chowk,orangi_no_5,1-L
orangi_no_5,habib_bank,1-L
habib_bank,imam_bara,1-L
imam_bara,bismillah_hotel,1-L
bismillah_hotel,garden,1-L
garden,Saddar,1-L
Saddar,jinnah_hospital,1-L
jinnah_hospital,akhter_colony,1-L
akhter_colony,qayyumabad,1-L
qayyumabad,korangi_industrial_area,1-L
korangi_industrial_area,sharifabad,1-L
gulistan-e-jouhar,safari_park,11-A
safari_park,NIPA_chowrangi,11-A
NIPA_chowrangi,civic_centre,11-A
civic_centre,sabzi_mandi,11-A
sabzi_mandi,jail_road,11-A
jail_road,hyderabad_colony,11-A
hyderabad_colony,gurumandir,11-A
gurumandir,numaish,11-A
numaish,Saddar,11-A
Saddar,regal_chowk,11-A
regal_chowk,saeed_manzil,11-A
saeed_manzil,m.a_Jinnah_road,11-A
azam_basti,corporation,11-C
corporation,parsi_colony,11-C
parsi_colony,kalapul,11-C
kalapul,jinnah_hospital,11-C
jinnah_hospital,Saddar,11-C
Saddar,7th_day_hospital,11-C
7th_day_hospital,numaish,11-C
numaish,gurumandir,11-C
gurumandir,islamia_college,11-C
islamia_college,jail_chowrangi,11-C
jail_chowrangi,new_town_police_station,11-C
new_town_police_station,sabzi_mandi,11-C
sabzi_mandi,civic_centre,11-C
civic_centre,urdu_college,11-C
urdu_college,NIPA_chowrangi,11-C
NIPA_chowrangi,safari_park,11-C
safari_park,Karachi_university,11-C
Karachi_university,safoora_goth,11-C
Saddar,jinnah_hospital,17-H
jinnah_hospital,kalapul,17-H
kalapul,defence_market,17-H
defence_market,akhter_colony,17-H
akhter_colony,kpt_interchange,17-H
kpt_interchange,korangi_crossing,17-H
korangi_crossing,korangi_no_1,17-H
korangi_no_1,korangi_no_2-1/2,17-H
korangi_no_2-1/2,korangi_no_4,17-H
korangi_no_4,korangi_no_5-1/2,17-H
korangi_no_5-1/2,dhobi_ghat,17-H
ghouspak,coast_guard,17-I
coast_guard,korangi_no_2,17-I
korangi_no_2,nasir_colony,17-I
nasir_colony,chamra_chowrangi,17-I
chamra_chowrangi,brookse_chowrangi,17-I
brookse_chowrangi,kpt_interchange,17-I
kpt_interchange,akhter_colony,17-I
akhter_colony,defence_mor,17-I
defence_mor,kalapul,17-I
kalapul,jinnah_hospital,17-I
jinnah_hospital,lucky_star,17-I
lucky_star,Saddar,17-I
Saddar,numaish,17-I
numaish,gurumandir,17-I
gurumandir,islamia_college,17-I
islamia_college,jail_chowrangi,17-I
jail_chowrangi,new_town,17-I
new_town,agha_khan_hospital,17-I
agha_khan_hospital,national_stadium,17-I
national_stadium,drive-in-cinema,17-I
drive-in-cinema,aladin_park,17-I
aladin_park,NIPA_chowrangi,17-I
NIPA_chowrangi,kala_board,17-I
kala_board,safari_park,17-I
safari_park,jauhar_chowrangi,17-I
jauhar_chowrangi,pahalwan_goth,17-I
khadda_market,hospital_chorangi,17-K
hospital_chorangi,market_no_6,17-K
market_no_6,gul_ahmed_textile_mills,17-K
gul_ahmed_textile_mills,tasweer_mahal,17-K
tasweer_mahal,quaidabad,17-K
quaidabad,dhobi_ghat,17-K
dhobi_ghat,dawood_chowrangi,17-K
dawood_chowrangi,mansehra_colony,17-K
mansehra_colony,korangi_no_6,17-K
korangi_no_6,qayyumabad,17-K
qayyumabad,murtaza_chowrangi,17-K
murtaza_chowrangi,defence_society,17-K
defence_society,singer_chowrangi,17-K
singer_chowrangi,jinnah_hospital,17-K
jinnah_hospital,bilal_chowrangi,17-K
bilal_chowrangi,raja_ghazanfar_ali_road,17-K
raja_ghazanfar_ali_road,vita_chowrangi,17-K
vita_chowrangi,chamra_chowrangi,17-K
chamra_chowrangi,brookse_chowrangi,17-K
brookse_chowrangi,kpt_interchange,17-K
kpt_interchange,akhter_colony,17-K
akhter_colony,defence_mor,17-K
defence_mor,kalapul,17-K
kalapul,jinnah_hospital,17-K
jinnah_hospital,lucky_star,17-K
lucky_star,Saddar,17-K
rehmania_mour,khawaja_ajmeer_nagri,2_-_C
khawaja_ajmeer_nagri,baradari,2_-_C
baradari,disco_mor,2_-_C
disco_mor,nusrat_bhutto_colony,2_-_C
nusrat_bhutto_colony,abdullah_college,2_-_C
abdullah_college,nazimabad_no_7,2_-_C
nazimabad_no_7,petrol_pump,2_-_C
petrol_pump,lasbela_chowk,2_-_C
lasbela_chowk,patel_para,2_-_C
patel_para,gurumandir,2_-_C
gurumandir,numaish,2_-_C
numaish,Saddar,2_-_C
Saddar,frere_hall,2_-_C
frere_hall,jama_cloth_market,2_-_C
jama_cloth_market,tower,2_-_C
f.b_area,noorani_masjid,2_-_D
noorani_masjid,peoples_colony,2_-_D
peoples_colony,imam_bara,2_-_D
imam_bara,humayun_road,2_-_D
humayun_road,kda_site_office,2_-_D
kda_site_office,north_nazimabad,2_-_D
north_nazimabad,board_office,2_-_D
board_office,nazimabad_no_7,2_-_D
nazimabad_no_7,petrol_pump,2_-_D
petrol_pump,lasbela_chowk,2_-_D
lasbela_chowk,sabil_wali_masjid,2_-_D
sabil_wali_masjid,soldier_bazar,2_-_D
soldier_bazar,Saddar,2_-_D
Saddar,frere_hall,2_-_D
frere_hall,tower,2_-_D
tower,noorani_masjid,2_-_D
north_nazimabad_block_m,shahrah-e-jehangir,2-K
shahrah-e-jehangir,water_pump,2-K
water_pump,hyderi,2-K
hyderi,paposh_nagar,2-K
paposh_nagar,bara_maidan,2-K
bara_maidan,nazimabad_no_2,2-K
nazimabad_no_2,petrol_pump,2-K
petrol_pump,gurumandir,2-K
gurumandir,Saddar,2-K
Saddar,burns_road,2-K
burns_road,tower,2-K
tower,keamari,2-K
new_Karachi,industrial_area,4-B
industrial_area,karimabad,4-B
karimabad,liaquatabad,4-B
liaquatabad,teen_hatti,4-B
teen_hatti,gurumandir,4-B
gurumandir,m.a_Jinnah_road,4-B
m.a_Jinnah_road,bandar_road,4-B
bandar_road,preedy_street,4-B
preedy_street,police_station,4-B
police_station,Saddar,4-B
naiabadi,karella_mour,4-G
karella_mour,power_house,4-G
power_house,saleem_centre,4-G
saleem_centre,up_mor,4-G
up_mor,nagan_chowrangi,4-G
nagan_chowrangi,sakhi_hasan,4-G
sakhi_hasan,hyderi,4-G
hyderi,board_office,4-G
board_office,petrol_pump,4-G
petrol_pump,liaquatabad_no_10,4-G
liaquatabad_no_10,post_office,4-G
post_office,teen_hatti,4-G
teen_hatti,gurumandir,4-G
gurumandir,numaish,4-G
numaish,Saddar,4-G
Saddar,empress_market,4-G
empress_market,frere_hall,4-G
frere_hall,burns_road,4-G
burns_road,m.a_Jinnah_road,4-G
m.a_Jinnah_road,tower,4-G
maymar_complex,al_asif_square,4-L
al_asif_square,sohrab_goth,4-L
sohrab_goth,water_pump,4-L
water_pump,karimabad,4-L
karimabad,liaquatabad,4-L
liaquatabad,teen_hatti,4-L
teen_hatti,numaish,4-L
numaish,Saddar,4-L
Saddar,empress_market,4-L
empress_market,burns_road,4-L
burns_road,m.a_Jinnah_road,4-L
m.a_Jinnah_road,tower,4-L
tower,light_house,6-B
light_house,burns_road,6-B
burns_road,Saddar,6-B
Saddar,m.a_Jinnah_road,6-B
m.a_Jinnah_road,gurumandir,6-B
gurumandir,lasbela_chowk,6-B
lasbela_chowk,golimar,6-B
golimar,nazimabad_chowrangi,6-B
nazimabad_chowrangi,petrol_pump,6-B
petrol_pump,liaquatabad_no_10,6-B
liaquatabad_no_10,karimabad,6-B
karimabad,hussainabad,6-B
hussainabad,azizabad_no.3,6-B
azizabad_no.3,azizabad_no.4,6-B
azizabad_no.4,azizabad_no.8,6-B
azizabad_no.8,dastagir,6-B
dastagir,govt.comprehensive_school,6-B
govt.comprehensive_school,yasinabad,6-B
yasinabad,hussainabad,6-B
hussainabad,karimabad,6-B
karimabad,liaquatabad_no_10,6-B
liaquatabad_no_10,petrol_pump,6-B
petrol_pump,nazimabad_chowrangi,6-B
nazimabad_chowrangi,golimar,6-B
golimar,gurumandir,6-B
gurumandir,m.a_Jinnah_road,6-B
m.a_Jinnah_road,Saddar,6-B
Saddar,burns_road,6-B
burns_road,light_house,6-B
light_house,tower,6-B
pakistan_refinery,korangi_crossing,61-A
korangi_crossing,qayyumabad,61-A
qayyumabad,akhter_colony,61-A
akhter_colony,defence_mor,61-A
defence_mor,kalapul,61-A
kalapul,jinnah_hospital,61-A
jinnah_hospital,lucky_star,61-A
lucky_star,Saddar,61-A
Saddar,lucky_star,C
lucky_star,jinnah_hospital,C
jinnah_hospital,kalapul,C
kalapul,korangi_road,C
korangi_road,akhter_colony,C
akhter_colony,qayyumabad,C
qayyumabad,korangi_crossing,C
korangi_crossing,korangi_no_1,C
korangi_no_1,korangi_no_2,C
korangi_no_2,korangi_no_3,C
korangi_no_3,korangi_no_4,C
korangi_no_4,korangi_no_5,C
korangi_no_5,korangi_no_5-1/2,C
korangi_no_5-1/2,korangi_market_no_6,C
korangi_market_no_6,dhobi_ghat,C
ghouspak,coast_guard,17-I
coast_guard,korangi_no_2,17-I
korangi_no_2,nasir_colony,17-I
nasir_colony,chamra_chowrangi,17-I
chamra_chowrangi,brookse_chowrangi,17-I
brookse_chowrangi,kpt_interchange,17-I
kpt_interchange,akhter_colony,17-I
akhter_colony,defence_mor,17-I
defence_mor,kalapul,17-I
kalapul,jinnah_hospital,17-I
jinnah_hospital,lucky_star,17-I
lucky_star,Saddar,17-I
Saddar,numaish,17-I
numaish,gurumandir,17-I
gurumandir,islamia_college,17-I
islamia_college,jail_chowrangi,17-I
jail_chowrangi,new_town,17-I
new_town,agha_khan_hospital,17-I
agha_khan_hospital,national_stadium,17-I
national_stadium,drive-in-cinema,17-I
drive-in-cinema,aladin_park,17-I
aladin_park,NIPA_chowrangi,17-I
NIPA_chowrangi,kala_board,17-I
kala_board,safari_park,17-I
safari_park,jauhar_chowrangi,17-I
jauhar_chowrangi,pahalwan_goth,17-I
khokrapar_no_4,saudabad,45-A
saudabad,liaquat_market,45-A
liaquat_market,jinnah_square,45-A
jinnah_square,mohabbat_nagar,45-A
mohabbat_nagar,malir_no_15,45-A
malir_no_15,star_gate,45-A
star_gate,drigh_road,45-A
drigh_road,drive-in-cinema,45-A
drive-in-cinema,NIPA_chowrangi,45-A
NIPA_chowrangi,hassan_square,45-A
hassan_square,nazimabad,45-A
nazimabad,petrol_pump,45-A
petrol_pump,habib_bank,45-A
habib_bank,naurus_chowrangi,45-A
naurus_chowrangi,ghani_chowrangi,45-A
ghani_chowrangi,hub_river_road,45-A
chamra_chowrangi,vita_chowrangi,51-C
vita_chowrangi,bilal_chowrangi,51-C
bilal_chowrangi,singer_chowrangi,51-C
singer_chowrangi,murtaza_chowrangi,51-C
murtaza_chowrangi,dawood_chowrangi,51-C
dawood_chowrangi,quaidabad,51-C
quaidabad,murghi_khana,51-C
murghi_khana,malir_no_15,51-C
malir_no_15,kala_board,51-C
kala_board,malir_halt,51-C
malir_halt,airport,51-C
airport,star_gate,51-C
star_gate,drigh_road,51-C
drigh_road,millenium_mall,51-C
millenium_mall,jauhar_mor,51-C
jauhar_mor,aladin_park,51-C
aladin_park,NIPA_chowrangi,51-C
NIPA_chowrangi,gulshan_chowrangi,51-C
gulshan_chowrangi,moti_mehal,51-C
moti_mehal,fazal_mills,51-C
fazal_mills,sohrab_goth,51-C
sohrab_goth,al_asif_square,51-C
al_asif_square,khuda_ki_basti,51-C
khuda_ki_basti,new_sabzi_mandi,51-C
keamari,tower,7-H
tower,bolton_market,7-H
bolton_market,eidgah,7-H
eidgah,ranchore_line,7-H
ranchore_line,garden,7-H
garden,lasbela_chowk,7-H
lasbela_chowk,postoffice,7-H
postoffice,sindhi_hotel,7-H
sindhi_hotel,new_town,7-H
new_town,civic_centre,7-H
civic_centre,NIPA_chowrangi,7-H
NIPA_chowrangi,university_road,7-H
university_road,safoora_goth,7-H
safoora_goth,tokyo_terrace_plaza,7-H
safoora_goth,pia_society,7-K
pia_society,pahalwan_goth,7-K
pahalwan_goth,jauhar_chowrangi,7-K
jauhar_chowrangi,aladin_park,7-K
aladin_park,NIPA_chowrangi,7-K
NIPA_chowrangi,gulshan_chowrangi,7-K
gulshan_chowrangi,sohrab_goth,7-K
sohrab_goth,power_house,7-K
power_house,nagan_chowrangi,7-K
nagan_chowrangi,sakhi_hasan,7-K
sakhi_hasan,hyderi,7-K
hyderi,kda_chowrangi,7-K
kda_chowrangi,petrol_pump,7-K
petrol_pump,habib_bank,7-K
habib_bank,naurus_chowrangi,7-K
naurus_chowrangi,ghani_chowrangi,7-K
ghani_chowrangi,shershah,7-K
shershah,gulbai,7-K
gulbai,paf_gate,7-K
paf_gate,masroor,7-K
masroor,new_truck_stand,7-K
maymar_town,sohrab_goth,Agroor_Coach
sohrab_goth,rashid_minhas_road,Agroor_Coach
rashid_minhas_road,NIPA_chowrangi,Agroor_Coach
NIPA_chowrangi,civic_centre,Agroor_Coach
civic_centre,purani_sabzi_mandi,Agroor_Coach
purani_sabzi_mandi,jail_chowrangi,Agroor_Coach
jail_chowrangi,teen_hatti,Agroor_Coach
teen_hatti,lasbela_chowk,Agroor_Coach
lasbela_chowk,nishter_road,Agroor_Coach
nishter_road,garden,Agroor_Coach
garden,ramsawami,Agroor_Coach
ramsawami,kmc_workshop,Agroor_Coach
kmc_workshop,haji_camp,Agroor_Coach
haji_camp,lee_market,Agroor_Coach
lee_market,kharadar,Agroor_Coach
kharadar,jamat_khana,Agroor_Coach
jamat_khana,mauripur,Agroor_Coach
mauripur,gulbai,Agroor_Coach
gulbai,hawksbay,Agroor_Coach
sohrab_goth,gulshan_chowrangi,Al-Noor_Coach
gulshan_chowrangi,NIPA_chowrangi,Al-Noor_Coach
NIPA_chowrangi,hassan_square,Al-Noor_Coach
hassan_square,new_town,Al-Noor_Coach
new_town,mazar-e-quaid,Al-Noor_Coach
mazar-e-quaid,m.a_Jinnah_road,Al-Noor_Coach
m.a_Jinnah_road,tower,Al-Noor_Coach
tower,crown_cinema,Al-Noor_Coach
crown_cinema,gulbai,Al-Noor_Coach
gulbai,new_truck_stand,Al-Noor_Coach
new_truck_stand,mauripur,Al-Noor_Coach
mauripur,younusabad,Al-Noor_Coach
younusabad,sands_pit,Al-Noor_Coach
korangi_100_quarter,korangi_no_5,D-10
korangi_no_5,landhi_no_6,D-10
landhi_no_6,landhi_no_5,D-10
landhi_no_5,landhi_no_4,D-10
landhi_no_4,landhi_no_3,D-10
landhi_no_3,landhi_no_2,D-10
landhi_no_2,landhi_no_1,D-10
landhi_no_1,dawood_chowrangi,D-10
dawood_chowrangi,quaidabad,D-10
quaidabad,malir_city,D-10
malir_city,malir_halt,D-10
malir_halt,star_gate,D-10
star_gate,natha_khan_goth,D-10
natha_khan_goth,drigh_road,D-10
drigh_road,rashid_minhas_road,D-10
rashid_minhas_road,drive-in-cinema,D-10
drive-in-cinema,jauhar_mor,D-10
jauhar_mor,NIPA_chowrangi,D-10
NIPA_chowrangi,gulshan_chowrangi,D-10
gulshan_chowrangi,sohrab_goth,D-10
sohrab_goth,power_house,D-10
power_house,godhra,D-10
godhra,new_Karachi_industrial_area,D-10
new_Karachi_industrial_area,saba_cinema,D-10
saba_cinema,new_Karachi_no_5,D-10
new_Karachi_no_5,allahwali_masjid,D-10
allahwali_masjid,4-k_chowrangi,D-10
4-k_chowrangi,kda_stop,D-10
kda_stop,maraqba_hall,D-10
maraqba_hall,khuda_ki_basti,D-10
khuda_ki_basti,lerp_colony,D-10
lerp_colony,taiser_town,D-10
qaddafi_town,quaidabad,D-12
quaidabad,malir_halt,D-12
malir_halt,star_gate,D-12
star_gate,drigh_road,D-12
drigh_road,labour_square,D-12
labour_square,rashid_minhas_road,D-12
rashid_minhas_road,NIPA_chowrangi,D-12
NIPA_chowrangi,moti_mehal,D-12
moti_mehal,sohrab_goth,D-12
sohrab_goth,water_pump,D-12
water_pump,qalandari_chowk,D-12
qalandari_chowk,gulshan_farooq,D-12
gulshan_farooq,gora_qabristan,D-12
filter_plant,saadi_town,D-19
saadi_town,safoora_goth,D-19
safoora_goth,mosmayat,D-19
mosmayat,university_road,D-19
university_road,safari_park,D-19
safari_park,NIPA_chowrangi,D-19
NIPA_chowrangi,kashmir_chowrangi,D-19
kashmir_chowrangi,islamia_college,D-19
islamia_college,gurumandir,D-19
gurumandir,sabil_wali_masjid,D-19
sabil_wali_masjid,numaish,D-19
numaish,tibbat_centre,D-19
tibbat_centre,saeed_manzil,D-19
saeed_manzil,jama_cloth_market,D-19
jama_cloth_market,light_house,D-19
light_house,denso_hall,D-19
denso_hall,tower,D-19
kda_site_office,surjani_town,DATA_Coach
surjani_town,allah_wali,DATA_Coach
allah_wali,d_mor,DATA_Coach
d_mor,sindhi_hotel,DATA_Coach
sindhi_hotel,power_house,DATA_Coach
power_house,sohrab_goth,DATA_Coach
sohrab_goth,NIPA_chowrangi,DATA_Coach
NIPA_chowrangi,purani_sabzi_mandi,DATA_Coach
purani_sabzi_mandi,bahadurabad,DATA_Coach
bahadurabad,tariq_road,DATA_Coach
tariq_road,society_graveyard,DATA_Coach
society_graveyard,shahrah-e-quaideen,DATA_Coach
shahrah-e-quaideen,nursery,DATA_Coach
nursery,ftc,DATA_Coach
ftc,jinnah_hospital,DATA_Coach
jinnah_hospital,askari_apartment,DATA_Coach
askari_apartment,cantt_station,DATA_Coach
cantt_station,khaliq-u-zaman_road,DATA_Coach
khaliq-u-zaman_road,abdullah_shah_ghazi_road,DATA_Coach
gul_ahmed_textile_mills,dawood_chowrangi,F-11
dawood_chowrangi,landhi_no_1,F-11
landhi_no_1,korangi_no_6,F-11
korangi_no_6,korangi_no_1,F-11
korangi_no_1,defence_society,F-11
defence_society,gora_qabristan,F-11
gora_qabristan,shahrah-e-quaideen,F-11
shahrah-e-quaideen,khalid_bin_waleed_road,F-11
khalid_bin_waleed_road,shaheed-e-millat_road,F-11
shaheed-e-millat_road,jail_chowrangi,F-11
jail_chowrangi,purani_sabzi_mandi,F-11
purani_sabzi_mandi,university_road,F-11
university_road,hassan_square,F-11
hassan_square,NIPA_chowrangi,F-11
NIPA_chowrangi,kmc_hospital,F-11
kmc_hospital,water_pump,F-11
water_pump,peoples_chowrangi,F-11
peoples_chowrangi,d.c_office,F-11
d.c_office,sakhi_hasan,F-11
sakhi_hasan,qalandari_chowk,F-11
qalandari_chowk,mustafabad_colony,F-11
biscuit_factory,chamra_chowrangi,F-18
chamra_chowrangi,bilal_chowrangi,F-18
bilal_chowrangi,bilal_colony,F-18
bilal_colony,korangi_telephone_exchange,F-18
korangi_telephone_exchange,korangi_no_2,F-18
korangi_no_2,double_road,F-18
double_road,korangi_no_3,F-18
korangi_no_3,korangi_no_6,F-18
korangi_no_6,landhi_no_6,F-18
landhi_no_6,dawood_chowrangi,F-18
dawood_chowrangi,quaidabad,F-18
quaidabad,malir_no_15,F-18
malir_no_15,star_gate,F-18
star_gate,natha_khan_goth,F-18
natha_khan_goth,rashid_minhas_road,F-18
rashid_minhas_road,NIPA_chowrangi,F-18
NIPA_chowrangi,gulshan_chowrangi,F-18
gulshan_chowrangi,sohrab_goth,F-18
sohrab_goth,power_house,F-18
power_house,nagan_chowrangi,F-18
nagan_chowrangi,up_mor,F-18
up_mor,salim_square,F-18
salim_square,two_minutes_chowrangi,F-18
orangi_town,iqbal_market,G-10
iqbal_market,islam_chowk,G-10
islam_chowk,orangi_no_5,G-10
orangi_no_5,banaras_chowk,G-10
banaras_chowk,habib_bank,G-10
habib_bank,petrol_pump,G-10
petrol_pump,nazimabad,G-10
nazimabad,liaquatabad_no_10,G-10
liaquatabad_no_10,karimabad,G-10
karimabad,water_pump,G-10
water_pump,sohrab_goth,G-10
sohrab_goth,NIPA_chowrangi,G-10
NIPA_chowrangi,gulshan_chowrangi,G-10
gulshan_chowrangi,safari_park,G-10
safari_park,rabia_city,G-10
rabia_city,pahalwan_goth,G-10
orangi_town,mansoor_nagar,G-12
mansoor_nagar,rehmat_chowk,G-12
rehmat_chowk,iqbal_market,G-12
iqbal_market,islam_chowk,G-12
islam_chowk,nishan-e-haider_road,G-12
nishan-e-haider_road,bacha_khan_chowk,G-12
bacha_khan_chowk,paposh_nagar,G-12
paposh_nagar,nazimabad_no_1,G-12
nazimabad_no_1,nazimabad_no_2,G-12
nazimabad_no_2,petrol_pump,G-12
petrol_pump,liaquatabad_no_10,G-12
liaquatabad_no_10,hassan_square,G-12
hassan_square,urdu_college,G-12
urdu_college,NIPA_chowrangi,G-12
NIPA_chowrangi,safari_park,G-12
safari_park,jauhar_square,G-12
jauhar_square,pahalwan_goth,G-12
pahalwan_goth,safari_park,G-21
safari_park,university_road,G-21
university_road,NIPA_chowrangi,G-21
NIPA_chowrangi,hassan_square,G-21
hassan_square,jail_road,G-21
jail_road,shaheed-e-millat_road,G-21
shaheed-e-millat_road,baloch_colony,G-21
baloch_colony,bilal_chowrangi,G-21
bilal_chowrangi,hassan_chowrangi,G-21
hassan_chowrangi,landhi_no_4,G-21
landhi_no_4,babar_market,G-21
babar_market,hospital_chorangi,G-21
hospital_chorangi,bhains_colony,G-21
ittehad_town,gulistan-e-jouhar,G-25
gulistan-e-jouhar,jauhar_square,G-25
jauhar_square,drive-in-cinema,G-25
drive-in-cinema,NIPA_chowrangi,G-25
NIPA_chowrangi,samdani_hospital,G-25
samdani_hospital,yasinabad,G-25
yasinabad,aisha_manzil,G-25
aisha_manzil,landi_kotal,G-25
landi_kotal,north_nazimabad,G-25
north_nazimabad,hyderi,G-25
hyderi,board_office,G-25
board_office,abdullah_college,G-25
abdullah_college,banaras_chowk,G-25
banaras_chowk,orangi_no_4,G-25
orangi_no_4,badar_hotel,G-25
badar_hotel,bijli_nagar,G-25
bijli_nagar,mominabad,G-25
mominabad,rasheedabad,G-25
orangi_town,yousuf_goth,G-27
yousuf_goth,hub_river_road,G-27
hub_river_road,bukhramandi,G-27
bukhramandi,afridi_chowk,G-27
afridi_chowk,jamia_mehnodia,G-27
jamia_mehnodia,orangi_town,G-27
orangi_town,saddiq_akber_colony,G-27
saddiq_akber_colony,sabri_chowk,G-27
sabri_chowk,urdu_chowk,G-27
urdu_chowk,orangi_no_10,G-27
orangi_no_10,orangi_no_4,G-27
orangi_no_4,orangi_no_5,G-27
orangi_no_5,metro_cinema,G-27
metro_cinema,banaras_chowk,G-27
banaras_chowk,abdullah_college,G-27
abdullah_college,board_office,G-27
board_office,kda_chowrangi,G-27
kda_chowrangi,ziauddin_hospital,G-27
ziauddin_hospital,landi_kotal,G-27
landi_kotal,peoples_chowrangi,G-27
peoples_chowrangi,buffer_zone,G-27
buffer_zone,power_house,G-27
power_house,sohrab_goth,G-27
sohrab_goth,fazal_mills,G-27
fazal_mills,NIPA_chowrangi,G-27
NIPA_chowrangi,safari_park,G-27
safari_park,jauhar_square,G-27
jauhar_square,pahalwan_goth,G-27
pahalwan_goth,pia_society,G-27
pia_society,bakhtawar_goth,G-27
bakhtawar_goth,gul_city,G-27
gul_city,safoora_goth,G-27
safoora_goth,miran_hospital,G-27
ittehad_town,dawood_goth,G-55
dawood_goth,naval_colony,G-55
naval_colony,moach_goth,G-55
moach_goth,mohajir_camp,G-55
mohajir_camp,hub_river_road,G-55
hub_river_road,rasheedabad,G-55
rasheedabad,labour_square,G-55
labour_square,ghani_chowrangi,G-55
ghani_chowrangi,bara_board,G-55
bara_board,old_golimar,G-55
old_golimar,garden,G-55
garden,soldier_bazar,G-55
soldier_bazar,gurumandir,G-55
gurumandir,islamia_college,G-55
islamia_college,agha_khan_hospital,G-55
agha_khan_hospital,national_stadium,G-55
national_stadium,dalmia_road,G-55
dalmia_road,rashid_minhas_road,G-55
rashid_minhas_road,NIPA_chowrangi,G-55
NIPA_chowrangi,safari_park,G-55
safari_park,university_road,G-55
university_road,suparco_chowk,G-55
suparco_chowk,sachal_goth,G-55
sachal_goth,mohammad_khan_goth,G-55
rustam_goth,jauhar_square,G-8
jauhar_square,safari_park,G-8
safari_park,NIPA_chowrangi,G-8
NIPA_chowrangi,aziz_bhatti_park,G-8
aziz_bhatti_park,civic_centre,G-8
civic_centre,purani_sabzi_mandi,G-8
purani_sabzi_mandi,jamshed_road,G-8
jamshed_road,gurumandir,G-8
gurumandir,7th_day_hospital,G-8
7th_day_hospital,m.a_Jinnah_road,G-8
m.a_Jinnah_road,city_court,G-8
city_court,juna_market,G-8
juna_market,lee_market,G-8
lee_market,kharadar,G-8
kharadar,jamat_khana,G-8
jamat_khana,keamari,G-8
keamari,masan_road,G-8
masan_road,shirin_jinnah_colony,G-8
naiabadi,mohajir_camp,G-9
mohajir_camp,shershah,G-9
shershah,mira_naka,G-9
mira_naka,chakiwara,G-9
chakiwara,lee_market,G-9
lee_market,siddiq_wahab_road,G-9
siddiq_wahab_road,haji_camp,G-9
haji_camp,lawrence_road,G-9
lawrence_road,garden,G-9
garden,lasbela_chowk,G-9
lasbela_chowk,teen_hatti,G-9
teen_hatti,jail_road,G-9
jail_road,purani_sabzi_mandi,G-9
purani_sabzi_mandi,hassan_square,G-9
hassan_square,NIPA_chowrangi,G-9
NIPA_chowrangi,safari_park,G-9
safari_park,gulshan_jauhar_goth,G-9
sohrab_goth,ispahani_road,GUL_Coach
ispahani_road,disco_bakery,GUL_Coach
disco_bakery,gulshan_chowrangi,GUL_Coach
gulshan_chowrangi,NIPA_chowrangi,GUL_Coach
NIPA_chowrangi,civic_centre,GUL_Coach
civic_centre,purani_sabzi_mandi,GUL_Coach
purani_sabzi_mandi,islamia_college,GUL_Coach
islamia_college,numaish,GUL_Coach
numaish,saeed_manzil,GUL_Coach
saeed_manzil,jama_cloth_market,GUL_Coach
jama_cloth_market,tower,GUL_Coach
tower,gulbai,GUL_Coach
gulbai,shershah,GUL_Coach
shershah,baldia_town,GUL_Coach
baldia_town,saeedabad,GUL_Coach
pahalwan_goth,gulistan-e-jouhar,Gulistan_Coach
gulistan-e-jouhar,jauhar_square,Gulistan_Coach
jauhar_square,rashid_minhas_road,Gulistan_Coach
rashid_minhas_road,NIPA_chowrangi,Gulistan_Coach
NIPA_chowrangi,hassan_square,Gulistan_Coach
hassan_square,purani_sabzi_mandi,Gulistan_Coach
purani_sabzi_mandi,new_town,Gulistan_Coach
new_town,jail_chowrangi,Gulistan_Coach
jail_chowrangi,islamia_college,Gulistan_Coach
islamia_college,mazar-e-quaid,Gulistan_Coach
mazar-e-quaid,numaish,Gulistan_Coach
numaish,m.a_Jinnah_road,Gulistan_Coach
m.a_Jinnah_road,plaza,Gulistan_Coach
plaza,jama_cloth_market,Gulistan_Coach
jama_cloth_market,tower,Gulistan_Coach
tower,mai_kolachi_road,Gulistan_Coach
mai_kolachi_road,boat_basin,Gulistan_Coach
boat_basin,bilawal_chowrangi,Gulistan_Coach
bilawal_chowrangi,bilawal_house,Gulistan_Coach
bilawal_house,samandar_kinara,Gulistan_Coach
samandar_kinara,abdullah_shah_ghazi_road,Gulistan_Coach
abdullah_shah_ghazi_road,26_street,Gulistan_Coach
26_street,saudi_embassy,Gulistan_Coach
saudi_embassy,khyaban-e-hafiz,Gulistan_Coach
khyaban-e-hafiz,sultan_masjid,Gulistan_Coach
sultan_masjid,khyaban-e-baharia,Gulistan_Coach
khyaban-e-baharia,khayaban_e_ittehad,Gulistan_Coach
khayaban_e_ittehad,korangi_road,Gulistan_Coach
korangi_road,qayyumabad,Gulistan_Coach
gulshan-e-bahar,orangi_town,National_Coach
orangi_town,qasba_colony,National_Coach
qasba_colony,banaras_chowk,National_Coach
banaras_chowk,paposh_nagar,National_Coach
paposh_nagar,nazimabad_no_7,National_Coach
nazimabad_no_7,petrol_pump,National_Coach
petrol_pump,liaquatabad_no_10,National_Coach
liaquatabad_no_10,hassan_square,National_Coach
hassan_square,university_road,National_Coach
university_road,NIPA_chowrangi,National_Coach
NIPA_chowrangi,rashid_minhas_road,National_Coach
rashid_minhas_road,drigh_road,National_Coach
drigh_road,shahrah_faisal,National_Coach
shahrah_faisal,jinnah_ave,National_Coach
jinnah_ave,model_colony,National_Coach
model_colony,saudabad,National_Coach
saudabad,khokrapar,National_Coach
khokrapar,chaman_colony,National_Coach
mohajir_camp_no_7,mohajir_camp_no_5,Omar_Coach
mohajir_camp_no_5,mohajir_camp_no_4,Omar_Coach
mohajir_camp_no_4,shershah,Omar_Coach
shershah,gulbai,Omar_Coach
gulbai,tower,Omar_Coach
tower,m.a_Jinnah_road,Omar_Coach
m.a_Jinnah_road,numaish,Omar_Coach
numaish,islamia_college,Omar_Coach
islamia_college,purani_sabzi_mandi,Omar_Coach
purani_sabzi_mandi,NIPA_chowrangi,Omar_Coach
NIPA_chowrangi,fazal_mills,Omar_Coach
fazal_mills,power_house,Omar_Coach
power_house,nagan_chowrangi,Omar_Coach
nagan_chowrangi,khawaja_ajmeer_nagri,Omar_Coach
khawaja_ajmeer_nagri,surjani_town,Omar_Coach
ahsanabad,maymar_complex,S-3
maymar_complex,al_asif_square,S-3
al_asif_square,sohrab_goth,S-3
sohrab_goth,NIPA_chowrangi,S-3
NIPA_chowrangi,civic_centre,S-3
civic_centre,agha_khan_hospital,S-3
agha_khan_hospital,jail_chowrangi,S-3
jail_chowrangi,shaheed-e-millat_road,S-3
shaheed-e-millat_road,baloch_colony,S-3
baloch_colony,korangi_no_3,S-3
korangi_no_3,akbar_shah_goth,S-3
akbar_shah_goth,ibrahim_hyderi,S-3
maroora_goth,safoora_goth,Safari_Coach
safoora_goth,gulistan-e-jouhar,Safari_Coach
gulistan-e-jouhar,university_road,Safari_Coach
university_road,NIPA_chowrangi,Safari_Coach
NIPA_chowrangi,hassan_square,Safari_Coach
hassan_square,purani_sabzi_mandi,Safari_Coach
purani_sabzi_mandi,shaheed-e-millat_road,Safari_Coach
shaheed-e-millat_road,tariq_road,Safari_Coach
tariq_road,shahrah-e-quaideen,Safari_Coach
shahrah-e-quaideen,gora_qabristan,Safari_Coach
gora_qabristan,korangi_road,Safari_Coach
korangi_road,defence_mor,Safari_Coach
defence_mor,punjab_chowrangi,Safari_Coach
punjab_chowrangi,gizri,Safari_Coach
gizri,saudi_embassy,Safari_Coach
saudi_embassy,abdullah_shah_ghazi_road,Safari_Coach
abdullah_shah_ghazi_road,clifton,Safari_Coach
clifton,boat_basin,Safari_Coach
boat_basin,bilawal_chowrangi,Safari_Coach
bilawal_chowrangi,mai_kolachi_road,Safari_Coach
mai_kolachi_road,tower,Safari_Coach
tower,gulbai,Safari_Coach
gulbai,shershah,Safari_Coach
shershah,habib_bank,Safari_Coach
habib_bank,banaras_chowk,Safari_Coach
banaras_chowk,qasba_colony,Safari_Coach
qasba_colony,mianwali_colony,Safari_Coach
new_sabzi_mandi,gulshan-e-roofi,Shaheen_Coach
gulshan-e-roofi,golden_city,Shaheen_Coach
golden_city,maroora_goth,Shaheen_Coach
maroora_goth,safoora_goth,Shaheen_Coach
safoora_goth,Karachi_university,Shaheen_Coach
Karachi_university,NIPA_chowrangi,Shaheen_Coach
NIPA_chowrangi,hassan_square,Shaheen_Coach
hassan_square,purani_sabzi_mandi,Shaheen_Coach
purani_sabzi_mandi,islamia_college,Shaheen_Coach
islamia_college,mazar-e-quaid,Shaheen_Coach
mazar-e-quaid,numaish,Shaheen_Coach
numaish,m.a_Jinnah_road,Shaheen_Coach
m.a_Jinnah_road,jama_cloth_market,Shaheen_Coach
jama_cloth_market,tower,Shaheen_Coach
tower,kharadar,Shaheen_Coach
kharadar,agra_taj_colony,Shaheen_Coach
agra_taj_colony,gulbai,Shaheen_Coach
safoora_goth,university_road,Sheraz_Coach
university_road,safari_park,Sheraz_Coach
safari_park,NIPA_chowrangi,Sheraz_Coach
NIPA_chowrangi,urdu_college,Sheraz_Coach
urdu_college,hassan_square,Sheraz_Coach
hassan_square,purani_sabzi_mandi,Sheraz_Coach
purani_sabzi_mandi,new_town,Sheraz_Coach
new_town,jail_road,Sheraz_Coach
jail_road,plaza,Sheraz_Coach
plaza,jama_cloth_market,Sheraz_Coach
jama_cloth_market,denso_hall,Sheraz_Coach
denso_hall,bolton_market,Sheraz_Coach
bolton_market,tower,Sheraz_Coach
tower,khoja_jamat_khana,Sheraz_Coach
khoja_jamat_khana,g.allana_road,Sheraz_Coach
g.allana_road,bolton_market,Sheraz_Coach
bolton_market,tower,Sheraz_Coach
tower,gulbai,Sheraz_Coach
gulbai,coast_guard,Sheraz_Coach
metroville_no_iii,abul_hassan_isphani_road,Starline_Coach
abul_hassan_isphani_road,dhoraji_colony,Starline_Coach
dhoraji_colony,disco_chowk,Starline_Coach
disco_chowk,gulshan_chowrangi,Starline_Coach
gulshan_chowrangi,NIPA_chowrangi,Starline_Coach
NIPA_chowrangi,civic_centre,Starline_Coach
civic_centre,national_stadium,Starline_Coach
national_stadium,agha_khan_hospital,Starline_Coach
agha_khan_hospital,bahadurabad,Starline_Coach
bahadurabad,shaheed-e-millat_road,Starline_Coach
shaheed-e-millat_road,shahrah_faisal,Starline_Coach
shahrah_faisal,taj_mahal_hotel,Starline_Coach
taj_mahal_hotel,jinnah_hospital,Starline_Coach
jinnah_hospital,askari_apartment,Starline_Coach
askari_apartment,cantt_station,Starline_Coach
cantt_station,indian_high_commission_office,Starline_Coach
indian_high_commission_office,fatima_jinnah_road,Starline_Coach
fatima_jinnah_road,metropole_hotel,Starline_Coach
metropole_hotel,musical_fountain,Starline_Coach
musical_fountain,strachen_road,Starline_Coach
strachen_road,tower,Starline_Coach
tower,kharadar,Starline_Coach
kharadar,agra_taj_colony,Starline_Coach
agra_taj_colony,gulbai,Starline_Coach
gulbai,shershah,Starline_Coach
shershah,baldia_town,Starline_Coach
baldia_town,baldia_swat_colony,Starline_Coach
baldia_swat_colony,moach_goth,Starline_Coach
moach_goth,naval_colony,Starline_Coach
al-azam_town,sohrab_goth,Super_Hassan_Zai_Coach
sohrab_goth,moti_mehal,Super_Hassan_Zai_Coach
moti_mehal,NIPA_chowrangi,Super_Hassan_Zai_Coach
NIPA_chowrangi,civic_centre,Super_Hassan_Zai_Coach
civic_centre,purani_sabzi_mandi,Super_Hassan_Zai_Coach
purani_sabzi_mandi,jail_chowrangi,Super_Hassan_Zai_Coach
jail_chowrangi,khalid_bin_waleed_road,Super_Hassan_Zai_Coach
khalid_bin_waleed_road,shahrah-e-quaideen,Super_Hassan_Zai_Coach
shahrah-e-quaideen,nursery,Super_Hassan_Zai_Coach
nursery,shahrah_faisal,Super_Hassan_Zai_Coach
shahrah_faisal,ftc,Super_Hassan_Zai_Coach
ftc,taj_mahal_hotel,Super_Hassan_Zai_Coach
taj_mahal_hotel,jinnah_hospital,Super_Hassan_Zai_Coach
jinnah_hospital,cantt_station,Super_Hassan_Zai_Coach
cantt_station,teen_hatti,Super_Hassan_Zai_Coach
teen_hatti,3_talwar,Super_Hassan_Zai_Coach
3_talwar,mid_east_hospital,Super_Hassan_Zai_Coach
mid_east_hospital,kothari_parade,Super_Hassan_Zai_Coach
saadi_town,gulshan_umar,X-20
gulshan_umar,race_course,X-20
race_course,safoora_goth,X-20
safoora_goth,Karachi_university,X-20
Karachi_university,NIPA_chowrangi,X-20
NIPA_chowrangi,hassan_square,X-20
hassan_square,jail_road,X-20
jail_road,plaza,X-20
plaza,ramsawami,X-20
ramsawami,shershah_ghani_chowrangi,X-20
shershah_ghani_chowrangi,labour_square,X-20
labour_square,rasheedabad,X-20
rasheedabad,chandni_chowk,X-20
chandni_chowk,moach_colony,X-20
moach_colony,qasim_ali_shah,X-20
faqeer_colony,hub_river_road,19-D
hub_river_road,shershah,19-D
shershah,chakiwara,19-D
chakiwara,lee_market,19-D
lee_market,haji_camp,19-D
haji_camp,jamila_street,19-D
jamila_street,nishter_road,19-D
nishter_road,baba_urdu_road,19-D
baba_urdu_road,shahrah-e-liaquat,19-D
shahrah-e-liaquat,fresco_chowk,19-D
fresco_chowk,mohammad_bin_qasim_road,19-D
mohammad_bin_qasim_road,m.a_Jinnah_road,19-D
m.a_Jinnah_road,mansfield_street,19-D
mansfield_street,empress_market,19-D
empress_market,mir_karim_ali_talpur_road,19-D
mir_karim_ali_talpur_road,wellington_street,19-D
wellington_street,cantt_station,19-D
cantt_station,clifton,19-D
clifton,dehli_colony,19-D
dehli_colony,gizri,19-D
gizri,zamzaman_neelam_colony,19-D
zamzaman_neelam_colony,abdullah_shah_ghazi_road,19-D
abdullah_shah_ghazi_road,khyaban_saadi,19-D
khyaban_saadi,bilawal_chowrangi,19-D
bilawal_chowrangi,bilawal_chowrangi,19-D
khokrapar_no_4,saudabad,45-A
saudabad,liaquat_market,45-A
liaquat_market,jinnah_square,45-A
jinnah_square,mohabbat_nagar,45-A
mohabbat_nagar,malir_no_15,45-A
malir_no_15,star_gate,45-A
star_gate,drigh_road,45-A
drigh_road,drive-in-cinema,45-A
drive-in-cinema,NIPA_chowrangi,45-A
NIPA_chowrangi,hassan_square,45-A
hassan_square,nazimabad,45-A
nazimabad,petrol_pump,45-A
petrol_pump,habib_bank,45-A
habib_bank,naurus_chowrangi,45-A
naurus_chowrangi,ghani_chowrangi,45-A
ghani_chowrangi,hub_river_road,45-A
memon_goth,jama_goth,P-9
jama_goth,asso_goth,P-9
asso_goth,shahrah_faisal,P-9
shahrah_faisal,drigh_road,P-9
drigh_road,dalimia_cement_factory,P-9
dalimia_cement_factory,national_stadium,P-9
national_stadium,jail_chowrangi,P-9
jail_chowrangi,p.i.b_colony,P-9
p.i.b_colony,teen_hatti,P-9
teen_hatti,lasbela_chowk,P-9
lasbela_chowk,garden,P-9
garden,shoe_market,P-9
shoe_market,ranchore_line,P-9
ranchore_line,haji_camp,P-9
haji_camp,lee_market,P-9
lee_market,chakiwara,P-9
chakiwara,shershah,P-9
shershah,hub_river_road,P-9
model_mor,malir_halt,pink_bus
malir_halt,colony_gate,pink_bus
colony_gate,nata_khan_bridge,pink_bus
nata_khan_bridge,drigh_road,pink_bus
drigh_road,paf_base_faisal,pink_bus
paf_base_faisal,laal_kothi,pink_bus
laal_kothi,karsaz,pink_bus
karsaz,nursery,pink_bus
nursery,ftc,pink_bus
ftc,regent_plaza,pink_bus
regent_plaza,metropole,pink_bus
metropole,fawara_chowk,pink_bus
fawara_chowk,arts_council,pink_bus
arts_council,shaheen_complex,pink_bus
shaheen_complex,i.i.chundrigar,pink_bus
i.i.chundrigar,tower,pink_bus
tower,fisheries,pink_bus
fisheries,dockyard,pink_bus
nagan_chowrangi,shafiq_mor,pink_bus
shafiq_mor,sohrab_goth,pink_bus
sohrab_goth,gulshan_chowrangi,pink_bus
gulshan_chowrangi,NIPA_chowrangi,pink_bus
NIPA_chowrangi,jauhar_mor,pink_bus
jauhar_mor,cod,pink_bus
cod,drigh_road,pink_bus
drigh_road,colony_gate,pink_bus
colony_gate,shah_faisal_colony,pink_bus
shah_faisal_colony,singer_chowrangi,pink_bus
singer_chowrangi,landhi_road,pink_bus
power_house,up_mor,Route-3
up_mor,nagan_chowrangi,Route-3
nagan_chowrangi,sakhi_hasan,Route-3
sakhi_hasan,5_star_chowrangi,Route-3
5_star_chowrangi,kda_chowrangi,Route-3
kda_chowrangi,nazimabad_eid_gah_ground,Route-3
nazimabad_eid_gah_ground,liaquatabad_no_10,Route-3
liaquatabad_no_10,essa_nagri,Route-3
essa_nagri,civic_centre,Route-3
civic_centre,national_stadium,Route-3
national_stadium,karsaz,Route-3
karsaz,nursery,Route-3
nursery,ftc,Route-3
ftc,korangi_road,Route-3
korangi_road,shan_chowrangi,Route-3
power_house,up_mor,Route-4
up_mor,nagan_chowrangi,Route-4
nagan_chowrangi,shafiq_mor,Route-4
shafiq_mor,sohrab_goth,Route-4
sohrab_goth,shahrah_e_pakistan,Route-4
shahrah_e_pakistan,ayesha_manzil,Route-4
ayesha_manzil,liaquatabad_no_10,Route-4
liaquatabad_no_10,laloo_khait,Route-4
laloo_khait,teen_hatti,Route-4
teen_hatti,jehangir_road,Route-4
jehangir_road,numaish,Route-4
numaish,mobile_market,Route-4
mobile_market,urdu_bazaar,Route-4
urdu_bazaar,civil_hospital,Route-4
civil_hospital,city_court,Route-4
city_court,light_house,Route-4
light_house,bolton_market,Route-4
bolton_market,tower,Route-4
salah_uddin_ayubi_road,allah_wali_chowrangi,Route-9
allah_wali_chowrangi,national_highway_5,Route-9
national_highway_5,steel_mill_more,Route-9
steel_mill_more,port_bin_qasim_more,Route-9
port_bin_qasim_more,razzakabad,Route-9
razzakabad,abdullah_goth,Route-9
abdullah_goth,chowkundi_more,Route-9
chowkundi_more,fast_university,Route-9
fast_university,bhains_colony_more,Route-9
bhains_colony_more,manzil_pump,Route-9
manzil_pump,quaidabad,Route-9
quaidabad,murghi_khana,Route-9
murghi_khana,prince_aly_boys_school,Route-9
prince_aly_boys_school,nadra_center_malir,Route-9
nadra_center_malir,malir_session_court,Route-9
malir_session_court,malir_no_15,Route-9
malir_no_15,kala_board,Route-9
kala_board,malir_halt,Route-9
malir_halt,colony_gate,Route-9
colony_gate,nata_khan_bridge,Route-9
nata_khan_bridge,drigh_road,Route-9
drigh_road,paf_base_faisal,Route-9
paf_base_faisal,laal_kothi,Route-9
laal_kothi,karsaz,Route-9
karsaz,nursery,Route-9
nursery,ftc,Route-9
ftc,regent_plaza,Route-9
regent_plaza,metropole,Route-9
metropole,fawara_chowk,Route-9
fawara_chowk,arts_council,Route-9
arts_council,shaheen_complex,Route-9
shaheen_complex,i.i.chundrigar,Route-9
numaish,taj_complex,Route-10
taj_complex,capri_cinema,pink_bus
capri_cinema,mobile_market,pink_bus
mobile_market,regal_chowk,pink_bus
regal_chowk,abdullah_haroon_road,pink_bus
abdullah_haroon_road,zainab_market,pink_bus
zainab_market,fawara_chowk,pink_bus
fawara_chowk,metropole,pink_bus
metropole,frere_hall,pink_bus
frere_hall,pso_head_office,pink_bus
pso_head_office,3_talwar,pink_bus
3_talwar,ocean_mall,pink_bus
ocean_mall,2_talwar,pink_bus
2_talwar,abdullah_shah_ghazi_road,pink_bus
abdullah_shah_ghazi_road,bagh_ibn_e_qasim,pink_bus
bagh_ibn_e_qasim,dolmen_mall_clifton,pink_bus
dolmen_mall_clifton,seaview_clock_tower,pink_bus
seaview_clock_tower,khayaban_e_ittehad,pink_bus
khayaban_e_ittehad,dha_phase_7,pink_bus
dha_phase_7,dha_phase_6,pink_bus
dha_phase_6,dha_phase_2,pink_bus
dha_phase_2,kpt_interchange,pink_bus
kpt_interchange,korangi_crossing,pink_bus
korangi_crossing,indus_hospital,pink_bus
indus_hospital,cbm_university,pink_bus
cbm_university,parco,pink_bus
parco,ibrahim_hyderi,pink_bus
bilawal_chowrangi,26th_street,Route-11
26th_street,khadda_market,Route-11
khadda_market,gizri_road,Route-11
gizri_road,submarine_chowk,Route-11
submarine_chowk,eidgah_clifton,Route-11
eidgah_clifton,pidc,Route-11
pidc,haji_camp,Route-11
haji_camp,us_consulate_general,Route-11
us_consulate_general,m.t._khan_road,Route-11
m.t._khan_road,mauripur,Route-11
mauripur,keamari,Route-11
keamari,lyari,Route-11
naddi_kinara,khokrapar,Route-12
khokrapar,saudabad_chowrangi,Route-12
saudabad_chowrangi,rcd_ground,Route-12
rcd_ground,kala_board,Route-12
kala_board,malir_no_15,Route-12
malir_no_15,malir_mandir,Route-12
malir_mandir,malir_session_court,Route-12
malir_session_court,murghi_khana,Route-12
murghi_khana,quaidabad,Route-12
quaidabad,dawood_chowrangi,Route-12
dawood_chowrangi,babar_market,Route-12
babar_market,landhi_road,Route-12
landhi_road,nasir_colony,Route-12
nasir_colony,indus_hospital,Route-12
indus_hospital,korangi_crossing,Route-12
korangi_crossing,qayyumabad,Route-12
qayyumabad,defence_mor,Route-12
defence_mor,national_medical_center,Route-12
national_medical_center,gora_qabristan,Route-12
gora_qabristan,ftc,Route-12
ftc,jutt_land,Route-12
jutt_land,lines_area,Route-12
lines_area,army_public_school,Route-12
army_public_school,lucky_star_saddar,Route-12
cmh_malir_cantt,tank_chowk,EV-1
tank_chowk,model_colony,EV-1
model_colony,jinnah_ave,EV-1
jinnah_ave,airport,EV-1
airport,colony_gate,EV-1
colony_gate,nata_khan_bridge,EV-1
nata_khan_bridge,drigh_road,EV-1
drigh_road,paf_base_faisal,EV-1
paf_base_faisal,laal_kothi,EV-1
laal_kothi,karsaz,EV-1
karsaz,nursery,EV-1
nursery,ftc,EV-1
ftc,korangi_road,EV-1
korangi_road,dha_phase_1,EV-1
dha_phase_1,masjid_e_ayesha,EV-1
masjid_e_ayesha,seaview_clock_tower,EV-1
seaview_clock_tower,dolmen_mall_clifton,EV-1
bahria_town,damba_goth,EV-2
damba_goth,toll_plaza,EV-2
toll_plaza,baqai_university,EV-2
baqai_university,malir_cantt_gate_5,EV-2
malir_cantt_gate_5,malir_cantt_gate_6,EV-2
malir_cantt_gate_6,tank_chowk,EV-2
tank_chowk,model_mor,EV-2
model_mor,jinnah_ave,EV-2
jinnah_ave,malir_halt,EV-2
malir_cantt_gate_5,rim_jhim_tower,EV-3
rim_jhim_tower,safoora_chowrangi,EV-3
safoora_chowrangi,mausamiyat_chowrangi,EV-3
mausamiyat_chowrangi,kamran_chowrangi,EV-3
kamran_chowrangi,jauhar_chowrangi,EV-3
jauhar_chowrangi,jauhar_mor,EV-3
jauhar_mor,millenium_mall,EV-3
millenium_mall,dalmia_road,EV-3
dalmia_road,bahria_university,EV-3
bahria_university,national_stadium,EV-3
national_stadium,aga_khan_hospital,EV-3
aga_khan_hospital,liaquat_national_hospital,EV-3
liaquat_national_hospital,p.i.b_colony,EV-3
p.i.b_colony,jail_chowrangi,EV-3
jail_chowrangi,dawood_engineering_university,EV-3
dawood_engineering_university,islamia_college,EV-3
islamia_college,people_secretariat_chowrangi,EV-3
people_secretariat_chowrangi,numaish,EV-3
surjani_town,4-k_chowrangi,GreenLine_Bus
4-k_chowrangi,north_karachi,GreenLine_Bus
north_karachi,up_mor,GreenLine_Bus
up_mor,nagan_chowrangi,GreenLine_Bus
nagan_chowrangi,sakhi_hasan,GreenLine_Bus
sakhi_hasan,shahrah-e-jehangir,GreenLine_Bus
shahrah-e-jehangir,hyderi,GreenLine_Bus
hyderi,shahrah-e-humayun,GreenLine_Bus
shahrah-e-humayun,orange_line,GreenLine_Bus
orange_line,north_nazimabad,GreenLine_Bus
north_nazimabad,eid_gah_bagh,GreenLine_Bus
eid_gah_bagh,urdu_bazaar,GreenLine_Bus
urdu_bazaar,gul_bahar,GreenLine_Bus
gul_bahar,lasbela_chowk,GreenLine_Bus
lasbela_chowk,gurumandir,GreenLine_Bus
gurumandir,numaish,GreenLine_Bus
numaish,agha_khan_hospital,GreenLine_Bus
agha_khan_hospital,aurangzeb_market,GreenLine_Bus
aurangzeb_market,merewether_tower,GreenLine_Bus
merewether_tower,karachi_port_trust,GreenLine_Bus
karachi_port_trust,karachi_city_station,GreenLine_Bus
town_municipal_administration_office,pone_panch_chowrangi,Orange_Line
pone_panch_chowrangi,abdullah_chowrangi,Orange_Line
abdullah_chowrangi,jinnah_university,Orange_Line
